<?xml version="1.0" encoding="utf-8"?>
<!--/2301517/100519/2.49/28/3/Connector/-->
<quadcept_library>
  <setting unit="mil" />
  <textstyle name="Default" height="47.244094488189" strokewidth="7.8740157480315" charwidth="47.244094488189" />
  <textstyle name="Dimension" height="19.6850393700787" strokewidth="0" charwidth="19.6850393700787" />
  <textstyle name="H127W0635TH00762" height="50" strokewidth="3" charwidth="25" />
  <textstyle name="H15W15TH02" height="59.0551181102362" strokewidth="7.8740157480315" charwidth="59.0551181102362" />
  <padstyle name="r180_35" surface="True" plated="False" isvia="False" nopaste="False" nomask="True" complex="False" holesize="0">
    <padshape layer="TOP" shape="rectangle" width="13.779527559055" height="70.866141732283" />
    <padshape layer="TOP_SOLDER_MASK" shape="rectangle" width="21.653543307086" height="78.740157480314" />
    <padshape layer="TOP_SOLDER_PASTE" shape="rectangle" width="13.779527559055" height="70.866141732283" />
  </padstyle>
  <padstyle name="c77.5_h155" surface="False" plated="True" isvia="False" nopaste="True" nomask="True" complex="False" holesize="61.023622047243">
    <padshape layer="TOP" shape="round" width="30.511811023622" height="30.511811023622" />
    <padshape layer="TOP_SOLDER_MASK" shape="round" width="38.385826771653" height="38.385826771653" />
    <padshape layer="INNER" shape="round" width="30.511811023622" height="30.511811023622" />
    <padshape layer="BOTTOM" shape="round" width="30.511811023622" height="30.511811023622" />
    <padshape layer="BOTTOM_SOLDER_MASK" shape="round" width="38.385826771653" height="38.385826771653" />
  </padstyle>
  <padstyle name="r172_122" surface="True" plated="False" isvia="False" nopaste="False" nomask="True" complex="False" holesize="0">
    <padshape layer="TOP" shape="rectangle" width="48.031496062992" height="67.71653543307" />
    <padshape layer="TOP_SOLDER_MASK" shape="rectangle" width="55.905511811023" height="75.590551181101" />
    <padshape layer="TOP_SOLDER_PASTE" shape="rectangle" width="48.031496062992" height="67.71653543307" />
  </padstyle>
  <footprint name="FS1R262001" originx="0" originy="0" pickpointx="0" pickpointy="0">
    <pcbpin number="1" name="1" style="r180_35" originx="-196.65354330708" originy="190.55118110236" rotation="0" />
    <pcbpin number="2" name="2" style="r180_35" originx="-180.90551181102" originy="91.732283464566" rotation="0" />
    <pcbpin number="3" name="3" style="r180_35" originx="-165.15748031496" originy="190.55118110236" rotation="0" />
    <pcbpin number="4" name="4" style="r180_35" originx="-149.4094488189" originy="91.732283464566" rotation="0" />
    <pcbpin number="5" name="5" style="r180_35" originx="-133.66141732283" originy="190.55118110236" rotation="0" />
    <pcbpin number="6" name="6" style="r180_35" originx="-117.91338582677" originy="91.732283464566" rotation="0" />
    <pcbpin number="7" name="7" style="r180_35" originx="-102.16535433071" originy="190.55118110236" rotation="0" />
    <pcbpin number="8" name="8" style="r180_35" originx="-86.417322834645" originy="91.732283464566" rotation="0" />
    <pcbpin number="9" name="9" style="r180_35" originx="-70.669291338582" originy="190.55118110236" rotation="0" />
    <pcbpin number="10" name="10" style="r180_35" originx="-54.921259842519" originy="91.732283464566" rotation="0" />
    <pcbpin number="11" name="11" style="r180_35" originx="-39.173228346456" originy="190.55118110236" rotation="0" />
    <pcbpin number="12" name="12" style="r180_35" originx="-23.425196850393" originy="91.732283464566" rotation="0" />
    <pcbpin number="13" name="13" style="r180_35" originx="-7.6771653543306" originy="190.55118110236" rotation="0" />
    <pcbpin number="14" name="14" style="r180_35" originx="8.0708661417322" originy="91.732283464566" rotation="0" />
    <pcbpin number="15" name="15" style="r180_35" originx="23.818897637795" originy="190.55118110236" rotation="0" />
    <pcbpin number="16" name="16" style="r180_35" originx="39.566929133858" originy="91.732283464566" rotation="0" />
    <pcbpin number="17" name="17" style="r180_35" originx="55.314960629921" originy="190.55118110236" rotation="0" />
    <pcbpin number="18" name="18" style="r180_35" originx="71.062992125983" originy="91.732283464566" rotation="0" />
    <pcbpin number="19" name="19" style="r180_35" originx="86.811023622046" originy="190.55118110236" rotation="0" />
    <pcbpin number="20" name="20" style="r180_35" originx="102.55905511811" originy="91.732283464566" rotation="0" />
    <pcbpin number="21" name="21" style="r180_35" originx="118.30708661417" originy="190.55118110236" rotation="0" />
    <pcbpin number="22" name="22" style="r180_35" originx="134.05511811023" originy="91.732283464566" rotation="0" />
    <pcbpin number="23" name="23" style="r180_35" originx="149.8031496063" originy="190.55118110236" rotation="0" />
    <pcbpin number="24" name="24" style="r180_35" originx="165.55118110236" originy="91.732283464566" rotation="0" />
    <pcbpin number="25" name="25" style="r180_35" originx="181.29921259842" originy="190.55118110236" rotation="0" />
    <pcbpin number="26" name="26" style="r180_35" originx="197.04724409449" originy="91.732283464566" rotation="0" />
    <pcbpin number="27" name="MH1" style="c77.5_h155" originx="-236.02362204724" originy="-112.20472440945" rotation="90" />
    <pcbpin number="28" name="MH2" style="c77.5_h155" originx="236.41732283464" originy="-112.20472440945" rotation="90" />
    <pcbpin number="29" name="MP1" style="r172_122" originx="-256.10236220472" originy="-5.9055118110235" rotation="0" />
    <pcbpin number="30" name="MP2" style="r172_122" originx="256.10236220472" originy="-5.9055118110235" rotation="0" />
    <line layer="TOP_ASSEMBLY" originx="-263.58267716535" originy="226.3779527559" endx="263.58267716535" endy="226.3779527559" width="3.9370078740157" />
    <line layer="TOP_ASSEMBLY" originx="263.58267716535" originy="226.3779527559" endx="263.58267716535" endy="-226.3779527559" width="3.9370078740157" />
    <line layer="TOP_ASSEMBLY" originx="263.58267716535" originy="-226.3779527559" endx="-263.58267716535" endy="-226.3779527559" width="3.9370078740157" />
    <line layer="TOP_ASSEMBLY" originx="-263.58267716535" originy="-226.3779527559" endx="-263.58267716535" endy="226.3779527559" width="3.9370078740157" />
    <line layer="TOP_PLACE_BOUND" originx="-319.48818897637" originy="265.74803149606" endx="319.48818897637" endy="265.74803149606" width="3.9370078740157" />
    <line layer="TOP_PLACE_BOUND" originx="319.48818897637" originy="265.74803149606" endx="319.48818897637" endy="-265.74803149606" width="3.9370078740157" />
    <line layer="TOP_PLACE_BOUND" originx="319.48818897637" originy="-265.74803149606" endx="-319.48818897637" endy="-265.74803149606" width="3.9370078740157" />
    <line layer="TOP_PLACE_BOUND" originx="-319.48818897637" originy="-265.74803149606" endx="-319.48818897637" endy="265.74803149606" width="3.9370078740157" />
    <line layer="TOP_SILKSCREEN" originx="-263.58267716535" originy="-157.48031496063" endx="-263.58267716535" endy="-226.3779527559" width="7.8740157480314" />
    <line layer="TOP_SILKSCREEN" originx="-263.58267716535" originy="-226.3779527559" endx="263.58267716535" endy="-226.3779527559" width="7.8740157480314" />
    <line layer="TOP_SILKSCREEN" originx="263.58267716535" originy="-226.3779527559" endx="263.58267716535" endy="-157.48031496063" width="7.8740157480314" />
    <line layer="TOP_SILKSCREEN" originx="-263.58267716535" originy="59.055118110235" endx="-263.58267716535" endy="226.3779527559" width="7.8740157480314" />
    <line layer="TOP_SILKSCREEN" originx="-263.58267716535" originy="226.3779527559" endx="-216.53543307086" endy="226.3779527559" width="7.8740157480314" />
    <line layer="TOP_SILKSCREEN" originx="197.04724409449" originy="226.3779527559" endx="263.58267716535" endy="226.3779527559" width="7.8740157480314" />
    <line layer="TOP_SILKSCREEN" originx="263.58267716535" originy="226.3779527559" endx="263.58267716535" endy="59.055118110235" width="7.8740157480314" />
    <line layer="TOP_SILKSCREEN" originx="-196.65354330708" originy="244.09448818897" endx="-196.65354330708" endy="244.09448818897" width="3.9370078740157" />
    <arc layer="TOP_SILKSCREEN" originx="-196.65354330708" originy="246.06299212598" startangle="-90.0" sweepangle="180.0" radius="1.9685039370078" width="3.9370078740157" />
    <line layer="TOP_SILKSCREEN" originx="-196.65354330708" originy="248.03149606299" endx="-196.65354330708" endy="248.03149606299" width="3.9370078740157" />
    <arc layer="TOP_SILKSCREEN" originx="-196.65354330708" originy="246.06299212598" startangle="90.0" sweepangle="180.0" radius="1.9685039370078" width="3.9370078740157" />
  </footprint>
  <symbol name="FS1-R26-2001" originx="0" originy="0">
    <line originx="200" originy="100" endx="800" endy="100" width="0" />
    <line originx="800" originy="-1400" endx="800" endy="100" width="0" />
    <line originx="800" originy="-1400" endx="200" endy="-1400" width="0" />
    <line originx="200" originy="100" endx="200" endy="-1400" width="0" />
    <sympin number="1" originx="200" originy="0" rotation="180" length="100" width="7.8740157480315" flipped="False">
      <text name="pinname" originx="230" originy="0" style="Default" rotation="0" justify="left" flipped="False" hidden="False" data="1" />
      <text name="pindes" originx="140" originy="20" style="Default" rotation="0" justify="lowerright" flipped="False" hidden="False" data="1" />
    </sympin>
    <sympin number="2" originx="200" originy="-100" rotation="180" length="100" width="7.8740157480315" flipped="False">
      <text name="pinname" originx="230" originy="-100" style="Default" rotation="0" justify="left" flipped="False" hidden="False" data="2" />
      <text name="pindes" originx="140" originy="-80" style="Default" rotation="0" justify="lowerright" flipped="False" hidden="False" data="2" />
    </sympin>
    <sympin number="3" originx="200" originy="-200" rotation="180" length="100" width="7.8740157480315" flipped="False">
      <text name="pinname" originx="230" originy="-200" style="Default" rotation="0" justify="left" flipped="False" hidden="False" data="3" />
      <text name="pindes" originx="140" originy="-180" style="Default" rotation="0" justify="lowerright" flipped="False" hidden="False" data="3" />
    </sympin>
    <sympin number="4" originx="200" originy="-300" rotation="180" length="100" width="7.8740157480315" flipped="False">
      <text name="pinname" originx="230" originy="-300" style="Default" rotation="0" justify="left" flipped="False" hidden="False" data="4" />
      <text name="pindes" originx="140" originy="-280" style="Default" rotation="0" justify="lowerright" flipped="False" hidden="False" data="4" />
    </sympin>
    <sympin number="5" originx="200" originy="-400" rotation="180" length="100" width="7.8740157480315" flipped="False">
      <text name="pinname" originx="230" originy="-400" style="Default" rotation="0" justify="left" flipped="False" hidden="False" data="5" />
      <text name="pindes" originx="140" originy="-380" style="Default" rotation="0" justify="lowerright" flipped="False" hidden="False" data="5" />
    </sympin>
    <sympin number="6" originx="200" originy="-500" rotation="180" length="100" width="7.8740157480315" flipped="False">
      <text name="pinname" originx="230" originy="-500" style="Default" rotation="0" justify="left" flipped="False" hidden="False" data="6" />
      <text name="pindes" originx="140" originy="-480" style="Default" rotation="0" justify="lowerright" flipped="False" hidden="False" data="6" />
    </sympin>
    <sympin number="7" originx="200" originy="-600" rotation="180" length="100" width="7.8740157480315" flipped="False">
      <text name="pinname" originx="230" originy="-600" style="Default" rotation="0" justify="left" flipped="False" hidden="False" data="7" />
      <text name="pindes" originx="140" originy="-580" style="Default" rotation="0" justify="lowerright" flipped="False" hidden="False" data="7" />
    </sympin>
    <sympin number="8" originx="200" originy="-700" rotation="180" length="100" width="7.8740157480315" flipped="False">
      <text name="pinname" originx="230" originy="-700" style="Default" rotation="0" justify="left" flipped="False" hidden="False" data="8" />
      <text name="pindes" originx="140" originy="-680" style="Default" rotation="0" justify="lowerright" flipped="False" hidden="False" data="8" />
    </sympin>
    <sympin number="9" originx="200" originy="-800" rotation="180" length="100" width="7.8740157480315" flipped="False">
      <text name="pinname" originx="230" originy="-800" style="Default" rotation="0" justify="left" flipped="False" hidden="False" data="9" />
      <text name="pindes" originx="140" originy="-780" style="Default" rotation="0" justify="lowerright" flipped="False" hidden="False" data="9" />
    </sympin>
    <sympin number="10" originx="200" originy="-900" rotation="180" length="100" width="7.8740157480315" flipped="False">
      <text name="pinname" originx="230" originy="-900" style="Default" rotation="0" justify="left" flipped="False" hidden="False" data="10" />
      <text name="pindes" originx="140" originy="-880" style="Default" rotation="0" justify="lowerright" flipped="False" hidden="False" data="10" />
    </sympin>
    <sympin number="11" originx="200" originy="-1000" rotation="180" length="100" width="7.8740157480315" flipped="False">
      <text name="pinname" originx="230" originy="-1000" style="Default" rotation="0" justify="left" flipped="False" hidden="False" data="11" />
      <text name="pindes" originx="140" originy="-980" style="Default" rotation="0" justify="lowerright" flipped="False" hidden="False" data="11" />
    </sympin>
    <sympin number="12" originx="200" originy="-1100" rotation="180" length="100" width="7.8740157480315" flipped="False">
      <text name="pinname" originx="230" originy="-1100" style="Default" rotation="0" justify="left" flipped="False" hidden="False" data="12" />
      <text name="pindes" originx="140" originy="-1080" style="Default" rotation="0" justify="lowerright" flipped="False" hidden="False" data="12" />
    </sympin>
    <sympin number="13" originx="200" originy="-1200" rotation="180" length="100" width="7.8740157480315" flipped="False">
      <text name="pinname" originx="230" originy="-1200" style="Default" rotation="0" justify="left" flipped="False" hidden="False" data="13" />
      <text name="pindes" originx="140" originy="-1180" style="Default" rotation="0" justify="lowerright" flipped="False" hidden="False" data="13" />
    </sympin>
    <sympin number="14" originx="200" originy="-1300" rotation="180" length="100" width="7.8740157480315" flipped="False">
      <text name="pinname" originx="230" originy="-1300" style="Default" rotation="0" justify="left" flipped="False" hidden="False" data="14" />
      <text name="pindes" originx="140" originy="-1280" style="Default" rotation="0" justify="lowerright" flipped="False" hidden="False" data="14" />
    </sympin>
    <sympin number="15" originx="800" originy="0" rotation="0" length="100" width="7.8740157480315" flipped="False">
      <text name="pinname" originx="770" originy="0" style="Default" rotation="0" justify="right" flipped="False" hidden="False" data="15" />
      <text name="pindes" originx="860" originy="20" style="Default" rotation="0" justify="lowerleft" flipped="False" hidden="False" data="15" />
    </sympin>
    <sympin number="16" originx="800" originy="-100" rotation="0" length="100" width="7.8740157480315" flipped="False">
      <text name="pinname" originx="770" originy="-100" style="Default" rotation="0" justify="right" flipped="False" hidden="False" data="16" />
      <text name="pindes" originx="860" originy="-80" style="Default" rotation="0" justify="lowerleft" flipped="False" hidden="False" data="16" />
    </sympin>
    <sympin number="17" originx="800" originy="-200" rotation="0" length="100" width="7.8740157480315" flipped="False">
      <text name="pinname" originx="770" originy="-200" style="Default" rotation="0" justify="right" flipped="False" hidden="False" data="17" />
      <text name="pindes" originx="860" originy="-180" style="Default" rotation="0" justify="lowerleft" flipped="False" hidden="False" data="17" />
    </sympin>
    <sympin number="18" originx="800" originy="-300" rotation="0" length="100" width="7.8740157480315" flipped="False">
      <text name="pinname" originx="770" originy="-300" style="Default" rotation="0" justify="right" flipped="False" hidden="False" data="18" />
      <text name="pindes" originx="860" originy="-280" style="Default" rotation="0" justify="lowerleft" flipped="False" hidden="False" data="18" />
    </sympin>
    <sympin number="19" originx="800" originy="-400" rotation="0" length="100" width="7.8740157480315" flipped="False">
      <text name="pinname" originx="770" originy="-400" style="Default" rotation="0" justify="right" flipped="False" hidden="False" data="19" />
      <text name="pindes" originx="860" originy="-380" style="Default" rotation="0" justify="lowerleft" flipped="False" hidden="False" data="19" />
    </sympin>
    <sympin number="20" originx="800" originy="-500" rotation="0" length="100" width="7.8740157480315" flipped="False">
      <text name="pinname" originx="770" originy="-500" style="Default" rotation="0" justify="right" flipped="False" hidden="False" data="20" />
      <text name="pindes" originx="860" originy="-480" style="Default" rotation="0" justify="lowerleft" flipped="False" hidden="False" data="20" />
    </sympin>
    <sympin number="21" originx="800" originy="-600" rotation="0" length="100" width="7.8740157480315" flipped="False">
      <text name="pinname" originx="770" originy="-600" style="Default" rotation="0" justify="right" flipped="False" hidden="False" data="21" />
      <text name="pindes" originx="860" originy="-580" style="Default" rotation="0" justify="lowerleft" flipped="False" hidden="False" data="21" />
    </sympin>
    <sympin number="22" originx="800" originy="-700" rotation="0" length="100" width="7.8740157480315" flipped="False">
      <text name="pinname" originx="770" originy="-700" style="Default" rotation="0" justify="right" flipped="False" hidden="False" data="22" />
      <text name="pindes" originx="860" originy="-680" style="Default" rotation="0" justify="lowerleft" flipped="False" hidden="False" data="22" />
    </sympin>
    <sympin number="23" originx="800" originy="-800" rotation="0" length="100" width="7.8740157480315" flipped="False">
      <text name="pinname" originx="770" originy="-800" style="Default" rotation="0" justify="right" flipped="False" hidden="False" data="23" />
      <text name="pindes" originx="860" originy="-780" style="Default" rotation="0" justify="lowerleft" flipped="False" hidden="False" data="23" />
    </sympin>
    <sympin number="24" originx="800" originy="-900" rotation="0" length="100" width="7.8740157480315" flipped="False">
      <text name="pinname" originx="770" originy="-900" style="Default" rotation="0" justify="right" flipped="False" hidden="False" data="24" />
      <text name="pindes" originx="860" originy="-880" style="Default" rotation="0" justify="lowerleft" flipped="False" hidden="False" data="24" />
    </sympin>
    <sympin number="25" originx="800" originy="-1000" rotation="0" length="100" width="7.8740157480315" flipped="False">
      <text name="pinname" originx="770" originy="-1000" style="Default" rotation="0" justify="right" flipped="False" hidden="False" data="25" />
      <text name="pindes" originx="860" originy="-980" style="Default" rotation="0" justify="lowerleft" flipped="False" hidden="False" data="25" />
    </sympin>
    <sympin number="26" originx="800" originy="-1100" rotation="0" length="100" width="7.8740157480315" flipped="False">
      <text name="pinname" originx="770" originy="-1100" style="Default" rotation="0" justify="right" flipped="False" hidden="False" data="26" />
      <text name="pindes" originx="860" originy="-1080" style="Default" rotation="0" justify="lowerleft" flipped="False" hidden="False" data="26" />
    </sympin>
    <sympin number="27" originx="800" originy="-1200" rotation="0" length="100" width="7.8740157480315" flipped="False">
      <text name="pinname" originx="770" originy="-1200" style="Default" rotation="0" justify="right" flipped="False" hidden="False" data="MP1" />
      <text name="pindes" originx="860" originy="-1180" style="Default" rotation="0" justify="lowerleft" flipped="False" hidden="False" data="MP1" />
    </sympin>
    <sympin number="28" originx="800" originy="-1300" rotation="0" length="100" width="7.8740157480315" flipped="False">
      <text name="pinname" originx="770" originy="-1300" style="Default" rotation="0" justify="right" flipped="False" hidden="False" data="MP2" />
      <text name="pindes" originx="860" originy="-1280" style="Default" rotation="0" justify="lowerleft" flipped="False" hidden="False" data="MP2" />
    </sympin>
  </symbol>
  <component name="FS1-R26-2001" designatorprefix="J" height="215.74803149606" footprint="FS1R262001">
    <comppin designator="1" sympin="1" pinswap="0" gateswap="0" gate="1" group="1" side="" type="Any" name="1" />
    <comppin designator="2" sympin="2" pinswap="0" gateswap="0" gate="1" group="1" side="" type="Any" name="2" />
    <comppin designator="3" sympin="3" pinswap="0" gateswap="0" gate="1" group="1" side="" type="Any" name="3" />
    <comppin designator="4" sympin="4" pinswap="0" gateswap="0" gate="1" group="1" side="" type="Any" name="4" />
    <comppin designator="5" sympin="5" pinswap="0" gateswap="0" gate="1" group="1" side="" type="Any" name="5" />
    <comppin designator="6" sympin="6" pinswap="0" gateswap="0" gate="1" group="1" side="" type="Any" name="6" />
    <comppin designator="7" sympin="7" pinswap="0" gateswap="0" gate="1" group="1" side="" type="Any" name="7" />
    <comppin designator="8" sympin="8" pinswap="0" gateswap="0" gate="1" group="1" side="" type="Any" name="8" />
    <comppin designator="9" sympin="9" pinswap="0" gateswap="0" gate="1" group="1" side="" type="Any" name="9" />
    <comppin designator="10" sympin="10" pinswap="0" gateswap="0" gate="1" group="1" side="" type="Any" name="10" />
    <comppin designator="11" sympin="11" pinswap="0" gateswap="0" gate="1" group="1" side="" type="Any" name="11" />
    <comppin designator="12" sympin="12" pinswap="0" gateswap="0" gate="1" group="1" side="" type="Any" name="12" />
    <comppin designator="13" sympin="13" pinswap="0" gateswap="0" gate="1" group="1" side="" type="Any" name="13" />
    <comppin designator="14" sympin="14" pinswap="0" gateswap="0" gate="1" group="1" side="" type="Any" name="14" />
    <comppin designator="15" sympin="15" pinswap="0" gateswap="0" gate="1" group="1" side="" type="Any" name="15" />
    <comppin designator="16" sympin="16" pinswap="0" gateswap="0" gate="1" group="1" side="" type="Any" name="16" />
    <comppin designator="17" sympin="17" pinswap="0" gateswap="0" gate="1" group="1" side="" type="Any" name="17" />
    <comppin designator="18" sympin="18" pinswap="0" gateswap="0" gate="1" group="1" side="" type="Any" name="18" />
    <comppin designator="19" sympin="19" pinswap="0" gateswap="0" gate="1" group="1" side="" type="Any" name="19" />
    <comppin designator="20" sympin="20" pinswap="0" gateswap="0" gate="1" group="1" side="" type="Any" name="20" />
    <comppin designator="21" sympin="21" pinswap="0" gateswap="0" gate="1" group="1" side="" type="Any" name="21" />
    <comppin designator="22" sympin="22" pinswap="0" gateswap="0" gate="1" group="1" side="" type="Any" name="22" />
    <comppin designator="23" sympin="23" pinswap="0" gateswap="0" gate="1" group="1" side="" type="Any" name="23" />
    <comppin designator="24" sympin="24" pinswap="0" gateswap="0" gate="1" group="1" side="" type="Any" name="24" />
    <comppin designator="25" sympin="25" pinswap="0" gateswap="0" gate="1" group="1" side="" type="Any" name="25" />
    <comppin designator="26" sympin="26" pinswap="0" gateswap="0" gate="1" group="1" side="" type="Any" name="26" />
    <comppin designator="MP1" sympin="27" pinswap="0" gateswap="0" gate="1" group="1" side="" type="Any" name="MP1" />
    <comppin designator="MP2" sympin="28" pinswap="0" gateswap="0" gate="1" group="1" side="" type="Any" name="MP2" />
    <attached_symbol gate="1" name="FS1-R26-2001" />
    <pinmap designator="1" footprintpin="1" />
    <pinmap designator="2" footprintpin="2" />
    <pinmap designator="3" footprintpin="3" />
    <pinmap designator="4" footprintpin="4" />
    <pinmap designator="5" footprintpin="5" />
    <pinmap designator="6" footprintpin="6" />
    <pinmap designator="7" footprintpin="7" />
    <pinmap designator="8" footprintpin="8" />
    <pinmap designator="9" footprintpin="9" />
    <pinmap designator="10" footprintpin="10" />
    <pinmap designator="11" footprintpin="11" />
    <pinmap designator="12" footprintpin="12" />
    <pinmap designator="13" footprintpin="13" />
    <pinmap designator="14" footprintpin="14" />
    <pinmap designator="15" footprintpin="15" />
    <pinmap designator="16" footprintpin="16" />
    <pinmap designator="17" footprintpin="17" />
    <pinmap designator="18" footprintpin="18" />
    <pinmap designator="19" footprintpin="19" />
    <pinmap designator="20" footprintpin="20" />
    <pinmap designator="21" footprintpin="21" />
    <pinmap designator="22" footprintpin="22" />
    <pinmap designator="23" footprintpin="23" />
    <pinmap designator="24" footprintpin="24" />
    <pinmap designator="25" footprintpin="25" />
    <pinmap designator="26" footprintpin="26" />
    <pinmap designator="MP1" footprintpin="27" />
    <pinmap designator="MP2" footprintpin="28" />
    <text name="Datasheet" originx="0" originy="0" style="Default" rotation="0" justify="" flipped="False" hidden="True" data="https://datasheet.datasheetarchive.com/originals/distributors/Datasheets-DGA3/252710.pdf" />
    <text name="Description" originx="0" originy="0" style="Default" rotation="0" justify="" flipped="False" hidden="True" data="I/O Connectors MINI SAS 30 GOLD.," />
    <text name="Manufacturer_Name" originx="0" originy="0" style="Default" rotation="0" justify="" flipped="False" hidden="True" data="Amphenol" />
    <text name="Manufacturer_Part_Number" originx="850" originy="200" style="Default" rotation="0" justify="left" flipped="False" hidden="False" data="FS1-R26-2001" />
    <text name="Mouser Part Number" originx="0" originy="0" style="Default" rotation="0" justify="" flipped="False" hidden="True" data="523-FS1-R26-2001" />
    <text name="Mouser Price/Stock" originx="0" originy="0" style="Default" rotation="0" justify="" flipped="False" hidden="True" data="https://www.mouser.com/Search/Refine.aspx?Keyword=523-FS1-R26-2001" />
    <text name="Arrow Part Number" originx="0" originy="0" style="Default" rotation="0" justify="" flipped="False" hidden="True" data="" />
    <text name="Arrow Price/Stock" originx="0" originy="0" style="Default" rotation="0" justify="" flipped="False" hidden="True" data="" />
  </component>
</quadcept_library>
